"Numero","Pagina","ID","Nivel","Arquivo","Status","Caracteres","Erro"
"1","Wichtige Information!","{6730B80E-8088-0F54-3EB9-45DAC71C399F}{3}{E17384682935940268812013983340374507000602143}","1","0001.xml","OK","482",""
"2","Informationen zur LK (02.10.2026)","{6730B80E-8088-0F54-3EB9-45DAC71C399F}{3}{E186940300577005188632017942958087441732659132}","1","0002.xml","OK","1535",""
"3","IT.0 Office","{6730B80E-8088-0F54-3EB9-45DAC71C399F}{3}{E19479228389281410762920116148427002839840071}","1","0003.xml","OK","49",""
"4","IT.0.01 06.07.2026","{6730B80E-8088-0F54-3EB9-45DAC71C399F}{3}{E19518748604023667640620162684758963912091091}","2","0004.xml","OK","849",""
"5","IT.0 08.07.2026","{6730B80E-8088-0F54-3EB9-45DAC71C399F}{3}{E19470120281020616692120181749162372037157731}","2","0005.xml","OK","2938",""
"6","IT.0.04 13.07.2026","{6730B80E-8088-0F54-3EB9-45DAC71C399F}{3}{E19473007962412147624820124425907956286664991}","2","0006.xml","OK","913",""
"7","IT.0 15.07.2026","{6730B80E-8088-0F54-3EB9-45DAC71C399F}{3}{E19558622678915152438420126622129539194410821}","2","0007.xml","OK","3954",""
"8","IT.0/1 10.08.2026","{6730B80E-8088-0F54-3EB9-45DAC71C399F}{3}{E1955281928811150569161990694360111442733371}","2","0008.xml","OK","470",""
"9","IT.0.04 12.08.2026","{6730B80E-8088-0F54-3EB9-45DAC71C399F}{3}{E19575753962091093570517155463741187693131}","2","0009.xml","OK","1887",""
"10","IT.0/1 17.08.2026","{6730B80E-8088-0F54-3EB9-45DAC71C399F}{3}{E19537182505422254696620121475595028466172581}","2","0010.xml","OK","628",""
"11","IT.0./02 20.08.2026","{6730B80E-8088-0F54-3EB9-45DAC71C399F}{3}{E19469712169567758631420137757672767821769021}","2","0011.xml","OK","3182",""
"12","IT.0/1 Office & WiSo 24.08.2026","{6730B80E-8088-0F54-3EB9-45DAC71C399F}{3}{E19547022075932583778220159359676802275572871}","2","0012.xml","OK","37",""
"13","IT.0/2 Office & WiSo 25.08.2026","{6730B80E-8088-0F54-3EB9-45DAC71C399F}{3}{E1946206377605582570041990442174909322738031}","2","0013.xml","OK","38",""
"14","IT.0/2 Office & WiSo 26.08.2026","{6730B80E-8088-0F54-3EB9-45DAC71C399F}{3}{E19524862244742638723620148913397785235616431}","2","0014.xml","OK","96",""
"15","IT.I WiSo (Das Unternehmen und die eigene Rolle im Betrieb)","{6730B80E-8088-0F54-3EB9-45DAC71C399F}{3}{E19539522310921365759920182924712905208213861}","1","0015.xml","OK","97",""
"16","IT.I.01 IT-Ausbildungsberufe","{6730B80E-8088-0F54-3EB9-45DAC71C399F}{3}{E1955961369651274950881991403111303395626341}","2","0016.xml","OK","1083",""
"17","IT.I.04 15.09.2026","{6730B80E-8088-0F54-3EB9-45DAC71C399F}{3}{E171449641203886004019343813398645961092614}","2","0017.xml","OK","18",""
"18","IT.II IT-Arbeitsplatz","{6730B80E-8088-0F54-3EB9-45DAC71C399F}{3}{E19559481501375553687120161725836857881665401}","1","0018.xml","OK","59",""
"19","IT.II.01 02.07.2026","{6730B80E-8088-0F54-3EB9-45DAC71C399F}{3}{E1955497642328687232961937070890686703906561}","2","0019.xml","OK","1364",""
"20","IT.II 07.07.2026","{6730B80E-8088-0F54-3EB9-45DAC71C399F}{3}{E19529814546169355534220140331515948099204291}","2","0020.xml","OK","12926",""
"21","IT.II 09.07.2026","{6730B80E-8088-0F54-3EB9-45DAC71C399F}{3}{E1947415613937290974011910491162658627608481}","2","0021.xml","OK","5097",""
"22","IT.II 10.07.2026","{6730B80E-8088-0F54-3EB9-45DAC71C399F}{3}{E19493053800146806633520178697916317154287721}","2","0022.xml","OK","3354",""
"23","IT.II.01 LF2-Teil 1 14.07.2026","{6730B80E-8088-0F54-3EB9-45DAC71C399F}{3}{E19565625132340059730420180205398663569458111}","2","0023.xml","OK","6004",""
"24","IT.II.01 LF2-Teil 2 16.07.2026","{6730B80E-8088-0F54-3EB9-45DAC71C399F}{3}{E1954906628270234012061982619813038603698341}","2","0024.xml","OK","3611",""
"25","IT.II.01 LF2-Teil 2/3 17.07.2026","{6730B80E-8088-0F54-3EB9-45DAC71C399F}{3}{E1948825141833576147521924728824187940640191}","2","0025.xml","OK","7263",""
"26","IT.II.03 11.08.2026","{6730B80E-8088-0F54-3EB9-45DAC71C399F}{3}{E19574968099762700302420173172726672641836911}","2","0026.xml","OK","15012",""
"27","IT.II.03 14.08.2026","{6730B80E-8088-0F54-3EB9-45DAC71C399F}{3}{E1948668336554806437211981995791604753849951}","2","0027.xml","OK","4359",""
"28","IT.II.04 18.08.2026","{6730B80E-8088-0F54-3EB9-45DAC71C399F}{3}{E1947134187401261879611932094593302413536191}","2","0028.xml","OK","1575",""
"29","IT.II.03 21.08.2026","{6730B80E-8088-0F54-3EB9-45DAC71C399F}{3}{E1953253837216496873271919881419726979601171}","2","0029.xml","OK","236",""
"30","IT.II.04/2 27.08.2026","{6730B80E-8088-0F54-3EB9-45DAC71C399F}{3}{E19505142831652115520420172572674739400498331}","2","0030.xml","OK","91",""
"31","IT.II.05 08.09.2026","{6730B80E-8088-0F54-3EB9-45DAC71C399F}{3}{E19498906912313791468420119106273963294752441}","2","0031.xml","OK","832",""
"32","IT.II.05 10.09.2026","{6730B80E-8088-0F54-3EB9-45DAC71C399F}{3}{E19479849167883167390820152875111261167855521}","2","0032.xml","OK","1021",""
"33","IT.II.05 15.09.2026","{6730B80E-8088-0F54-3EB9-45DAC71C399F}{3}{E188910350267251528361818886106782140830419}","2","0033.xml","OK","397",""
"34","IT.II.05 17.09.2026","{6730B80E-8088-0F54-3EB9-45DAC71C399F}{3}{E1951451206626425834011937080148732911233351}","2","0034.xml","OK","1730",""
"35","IT.II.05 18.09.2026","{6730B80E-8088-0F54-3EB9-45DAC71C399F}{3}{E1787493898845331627201021717360251983774421}","2","0035.xml","OK","5787",""
"36","IT.III Netzwerktechnik","{6730B80E-8088-0F54-3EB9-45DAC71C399F}{3}{E19535685755706076617320137470686560851109471}","1","0036.xml","OK","60",""
"37","IT.III.0 03.09.2026","{6730B80E-8088-0F54-3EB9-45DAC71C399F}{3}{E1954618640196972336461959718434028638829431}","2","0037.xml","OK","4957",""
"38","IT.III 04.09.2026","{6730B80E-8088-0F54-3EB9-45DAC71C399F}{3}{E19483499330717373730820139825398082333492911}","2","0038.xml","OK","1596",""
"39","IT.III.01 07.09.2026","{6730B80E-8088-0F54-3EB9-45DAC71C399F}{3}{E19489298326846900035820140374065213544482561}","2","0039.xml","OK","5726",""
"40","IT.III.05 09.09.2026","{6730B80E-8088-0F54-3EB9-45DAC71C399F}{3}{E19561803331224899561120129234592933210687111}","2","0040.xml","OK","291",""
"41","IT.III.01 11.09.2026","{6730B80E-8088-0F54-3EB9-45DAC71C399F}{3}{E1951937122600244376591930223110416194259711}","2","0041.xml","OK","4887",""
"42","IT.III.01 14.09.2026","{6730B80E-8088-0F54-3EB9-45DAC71C399F}{3}{E195261331531551568366187603611436643787691}","2","0042.xml","OK","2890",""
"43","IT.III.05 16.09.2026","{6730B80E-8088-0F54-3EB9-45DAC71C399F}{3}{E1817384743550526809519488920852481058615819}","2","0043.xml","OK","1426",""
"44","IT.III.01 21.09.2026","{6730B80E-8088-0F54-3EB9-45DAC71C399F}{3}{E19487548387160718957620104408072176674116301}","2","0044.xml","OK","5518",""
"45","IT.III.01 23.09.2026","{6730B80E-8088-0F54-3EB9-45DAC71C399F}{3}{E18344281540880977738201478471104832870351225}","2","0045.xml","OK","1732",""
"46","IT.III.02 28.09.2026","{6730B80E-8088-0F54-3EB9-45DAC71C399F}{3}{E1855445584613982488219889896572436144460822}","2","0046.xml","OK","1421",""
"47","IT.III.02 01.10.2026","{6730B80E-8088-0F54-3EB9-45DAC71C399F}{3}{E19107888086972483615019353480911738015926421}","2","0047.xml","OK","7882",""
"48","IT.III.02 06.10.2026","{6730B80E-8088-0F54-3EB9-45DAC71C399F}{3}{E1850534978020021236919228036958866213023928}","2","0048.xml","OK","3546",""
"49","IT.IV Schutzbedarfsanalyse","{6730B80E-8088-0F54-3EB9-45DAC71C399F}{3}{E194740436554091454850185991599119251619081}","1","0049.xml","OK","64",""
"50","IT.IV.01 22.09.2026","{6730B80E-8088-0F54-3EB9-45DAC71C399F}{3}{E1875367383140103893919285568060058249273529}","2","0050.xml","OK","120",""
"51","IT.IV.01 24.09.2026","{6730B80E-8088-0F54-3EB9-45DAC71C399F}{3}{E19552718851525924324420145184018891330989191}","2","0051.xml","OK","20",""
"52","IT.IV.01 29.09.2026","{6730B80E-8088-0F54-3EB9-45DAC71C399F}{3}{E1830733291197508635919951403012488167529516}","2","0052.xml","OK","1110",""
"53","IT.IV.01 30.09.2026","{6730B80E-8088-0F54-3EB9-45DAC71C399F}{3}{E1831051689041113744619673615159811895859815}","2","0053.xml","OK","675",""
"54","IT.IV.01 05.10.2026","{6730B80E-8088-0F54-3EB9-45DAC71C399F}{3}{E18760256073504211219201262523256909644443125}","2","0054.xml","OK","1187",""
